{
    "(31698, 91362)": {
        "TCA_Time": 796888799.9962436,
        "dE": 0.8842365939213047,
        "dM": 84019.87540138487,
        "Uc": 0.0,
        "Pc": 0.0,
        "Relative_Position_RTN": [
            12977063.960064098,
            882307.5257650513,
            -3851213.267480095
        ],
        "Relative_Velocity_RTN": [
            2526.123246222611,
            176.6492254414443,
            -758.4464964595187
        ]
    },
    "(31698, 91267)": {
        "TCA_Time": 796874400.000198,
        "dE": 75.72967392400778,
        "dM": 20408.789092466403,
        "Uc": 0.0,
        "Pc": 0.0,
        "Relative_Position_RTN": [
            -127176.67215739418,
            1039306.0851116582,
            169046.19998849405
        ],
        "Relative_Velocity_RTN": [
            916.1684964820835,
            272.2756587158406,
            -912.4324035650459
        ]
    },
    "(31698, 91991)": {
        "TCA_Time": 796892402.7347165,
        "dE": 483.28487011984936,
        "dM": 6110.264692587938,
        "Uc": 0.0,
        "Pc": 0.0,
        "Relative_Position_RTN": [
            2784626.5294441893,
            7151469.392599488,
            71079.37808977257
        ],
        "Relative_Velocity_RTN": [
            -4587.654339927678,
            -11758.859024925028,
            -119.21377101971156
        ]
    },
    "(31698, 91894)": {
        "TCA_Time": 796942799.9493573,
        "dE": 248.10727725863487,
        "dM": 9431.244171564527,
        "Uc": 0.0,
        "Pc": 0.0,
        "Relative_Position_RTN": [
            -107808.03328658603,
            1904060.4919645654,
            297218.6151408368
        ],
        "Relative_Velocity_RTN": [
            1807.572539949585,
            305.8509609425904,
            -1285.7523842211713
        ]
    },
    "(31698, 91630)": {
        "TCA_Time": 796899599.9677536,
        "dE": 507.48264250049823,
        "dM": 393617.089397536,
        "Uc": 0.0,
        "Pc": 0.0,
        "Relative_Position_RTN": [
            12251489.39937681,
            5096175.131290358,
            -3084441.7770075565
        ],
        "Relative_Velocity_RTN": [
            4749.922492025405,
            -13756.566128839771,
            -3875.2856171215967
        ]
    },
    "(31698, 91813)": {
        "TCA_Time": 796917599.9929538,
        "dE": 101.3464685641209,
        "dM": 15922.037475389709,
        "Uc": 0.0,
        "Pc": 0.0,
        "Relative_Position_RTN": [
            12136980.596404145,
            -1610195.0754172732,
            -3940990.826864955
        ],
        "Relative_Velocity_RTN": [
            5161.939346514133,
            -690.5910861648571,
            -1639.414279161924
        ]
    }
}