{
    "(31698, 39452)": {
        "T_list": [
            796897021.6624064
        ],
        "rho_list": [
            84070.05925042744
        ],
        "tca_time": 796897021.6624064
    },
    "(31698, 45551)": {
        "T_list": [
            796953517.4043614
        ],
        "rho_list": [
            9843133.763082266
        ],
        "tca_time": 796953517.4043614
    },
    "(31698, 39451)": {
        "T_list": [
            796782941.8897167
        ],
        "rho_list": [
            9963526.31250107
        ],
        "tca_time": 796782941.8897167
    },
    "(31698, 91065)": {
        "T_list": [
            796783006.8151882
        ],
        "rho_list": [
            2672883.0981951114
        ],
        "tca_time": 796783006.8151882
    },
    "(31698, 91651)": {
        "T_list": [
            796783050.4176028
        ],
        "rho_list": [
            1861734.3117704582
        ],
        "tca_time": 796783050.4176028
    },
    "(31698, 91889)": {
        "T_list": [
            796834426.5101345
        ],
        "rho_list": [
            149601.23123910304
        ],
        "tca_time": 796834426.5101345
    },
    "(31698, 91477)": {
        "T_list": [
            796783271.0113039
        ],
        "rho_list": [
            287791.1496329939
        ],
        "tca_time": 796783271.0113039
    },
    "(31698, 91052)": {
        "T_list": [
            796951064.6172459
        ],
        "rho_list": [
            396870.2861415477
        ],
        "tca_time": 796951064.6172459
    },
    "(31698, 91822)": {
        "T_list": [
            796782609.2728232
        ],
        "rho_list": [
            7162770.317481242
        ],
        "tca_time": 796782609.2728232
    },
    "(31698, 91362)": {
        "T_list": [
            796888799.9962436
        ],
        "rho_list": [
            0.8842365939213047
        ],
        "tca_time": 796888799.9962436
    },
    "(31698, 91267)": {
        "T_list": [
            796874400.000198
        ],
        "rho_list": [
            75.72967392400778
        ],
        "tca_time": 796874400.000198
    },
    "(31698, 91991)": {
        "T_list": [
            796892402.7347165
        ],
        "rho_list": [
            483.28487011984936
        ],
        "tca_time": 796892402.7347165
    },
    "(31698, 91894)": {
        "T_list": [
            796942799.9493573
        ],
        "rho_list": [
            248.10727725863487
        ],
        "tca_time": 796942799.9493573
    },
    "(31698, 91630)": {
        "T_list": [
            796899599.9677536
        ],
        "rho_list": [
            507.48264250049823
        ],
        "tca_time": 796899599.9677536
    },
    "(31698, 91813)": {
        "T_list": [
            796917599.9929538
        ],
        "rho_list": [
            101.3464685641209
        ],
        "tca_time": 796917599.9929538
    },
    "(31698, 91771)": {
        "T_list": [
            796780984.3886074
        ],
        "rho_list": [
            530046.6512573495
        ],
        "tca_time": 796780984.3886074
    },
    "(31698, 91307)": {
        "T_list": [
            796951139.3516688
        ],
        "rho_list": [
            5826770.905243495
        ],
        "tca_time": 796951139.3516688
    },
    "(31698, 91300)": {
        "T_list": [
            796783092.3555828
        ],
        "rho_list": [
            6460431.098859507
        ],
        "tca_time": 796783092.3555828
    },
    "(31698, 91269)": {
        "T_list": [
            796781409.7889352
        ],
        "rho_list": [
            3745577.1870558197
        ],
        "tca_time": 796781409.7889352
    },
    "(31698, 91232)": {
        "T_list": [
            796951140.8946291
        ],
        "rho_list": [
            6595842.760362602
        ],
        "tca_time": 796951140.8946291
    },
    "(31698, 91023)": {
        "T_list": [
            796780821.8079135
        ],
        "rho_list": [
            1977036.8866113753
        ],
        "tca_time": 796780821.8079135
    },
    "(31698, 91963)": {
        "T_list": [
            796908324.5465825
        ],
        "rho_list": [
            122748.64489152099
        ],
        "tca_time": 796908324.5465825
    },
    "(31698, 91223)": {
        "T_list": [
            796859976.7161479
        ],
        "rho_list": [
            145445.72792414535
        ],
        "tca_time": 796859976.7161479
    },
    "(31698, 91659)": {
        "T_list": [
            796848568.6958109
        ],
        "rho_list": [
            95598.48962871598
        ],
        "tca_time": 796848568.6958109
    },
    "(31698, 91933)": {
        "T_list": [
            796839982.8007457
        ],
        "rho_list": [
            229091.35432219662
        ],
        "tca_time": 796839982.8007457
    },
    "(31698, 91407)": {
        "T_list": [
            796868431.7925367
        ],
        "rho_list": [
            136107.01242974433
        ],
        "tca_time": 796868431.7925367
    },
    "(31698, 91179)": {
        "T_list": [
            796782782.4851346
        ],
        "rho_list": [
            3288353.052228223
        ],
        "tca_time": 796782782.4851346
    },
    "(31698, 91564)": {
        "T_list": [
            796863433.2687144
        ],
        "rho_list": [
            28691.140368813154
        ],
        "tca_time": 796863433.2687144
    },
    "(31698, 91670)": {
        "T_list": [
            796953600.0
        ],
        "rho_list": [
            8646049.000178466
        ],
        "tca_time": 796953600.0
    },
    "(31698, 91602)": {
        "T_list": [
            796783192.7566559
        ],
        "rho_list": [
            1216631.7860242021
        ],
        "tca_time": 796783192.7566559
    },
    "(31698, 91483)": {
        "T_list": [
            796953600.0
        ],
        "rho_list": [
            10939472.560228607
        ],
        "tca_time": 796953600.0
    },
    "(31698, 91406)": {
        "T_list": [
            796951401.9384459
        ],
        "rho_list": [
            9942922.740880586
        ],
        "tca_time": 796951401.9384459
    },
    "(31698, 91206)": {
        "T_list": [
            796780837.2570075
        ],
        "rho_list": [
            158557.74106054948
        ],
        "tca_time": 796780837.2570075
    },
    "(31698, 91328)": {
        "T_list": [
            796782137.6761193
        ],
        "rho_list": [
            11894973.990411319
        ],
        "tca_time": 796782137.6761193
    },
    "(31698, 91749)": {
        "T_list": [
            796786190.5989083
        ],
        "rho_list": [
            2033331.5247850108
        ],
        "tca_time": 796786190.5989083
    },
    "(31698, 91246)": {
        "T_list": [
            796952748.6662687
        ],
        "rho_list": [
            3732872.8379518334
        ],
        "tca_time": 796952748.6662687
    },
    "(31698, 91054)": {
        "T_list": [
            796847460.083096
        ],
        "rho_list": [
            2008570.1888124761
        ],
        "tca_time": 796847460.083096
    },
    "(31698, 91047)": {
        "T_list": [
            796931640.3520471
        ],
        "rho_list": [
            7592016.498090313
        ],
        "tca_time": 796931640.3520471
    },
    "(31698, 91444)": {
        "T_list": [
            796873584.0039842
        ],
        "rho_list": [
            304137.02580883895
        ],
        "tca_time": 796873584.0039842
    },
    "(31698, 91068)": {
        "T_list": [
            796882132.7957985
        ],
        "rho_list": [
            566036.8027015005
        ],
        "tca_time": 796882132.7957985
    },
    "(31698, 91049)": {
        "T_list": [
            796783852.5250051
        ],
        "rho_list": [
            6831329.677764678
        ],
        "tca_time": 796783852.5250051
    }
}